,Table,Row,Description,Special
1,loan_applications,SK_ID_CURR,ID of loan in our sample,
2,loan_applications,TARGET,"Target variable (1 - client with payment difficulties: he/she had late payment more than X days on at least one of the first Y installments of the loan in our sample, 0 - all other cases)",
5,loan_applications,NAME_CONTRACT_TYPE,Identification if loan is cash or revolving,
6,loan_applications,CODE_GENDER,Gender of the client,
7,loan_applications,FLAG_OWN_CAR,Flag if the client owns a car,
8,loan_applications,FLAG_OWN_REALTY,Flag if client owns a house or flat,
9,loan_applications,CNT_CHILDREN,Number of children the client has,
10,loan_applications,AMT_INCOME_TOTAL,Income of the client,
11,loan_applications,AMT_CREDIT,Credit amount of the loan,
12,loan_applications,AMT_ANNUITY,Loan annuity,
13,loan_applications,AMT_GOODS_PRICE,For consumer loans it is the price of the goods for which the loan is given,
14,loan_applications,NAME_TYPE_SUITE,Who was accompanying client when he was applying for the loan,
15,loan_applications,NAME_INCOME_TYPE,"Clients income type (businessman, working, maternity leave,�)",
16,loan_applications,NAME_EDUCATION_TYPE,Level of highest education the client achieved,
17,loan_applications,NAME_FAMILY_STATUS,Family status of the client,
18,loan_applications,NAME_HOUSING_TYPE,"What is the housing situation of the client (renting, living with parents, ...)",
19,loan_applications,REGION_POPULATION_RELATIVE,Normalized population of region where client lives (higher number means the client lives in more populated region),normalized 
20,loan_applications,DAYS_BIRTH,Client's age in days at the time of application,time only relative to the application
21,loan_applications,DAYS_EMPLOYED,How many days before the application the person started current employment,time only relative to the application
22,loan_applications,DAYS_REGISTRATION,How many days before the application did client change his registration,time only relative to the application
23,loan_applications,DAYS_ID_PUBLISH,How many days before the application did client change the identity document with which he applied for the loan,time only relative to the application
24,loan_applications,OWN_CAR_AGE,Age of client's car,
25,loan_applications,FLAG_MOBIL,"Did client provide mobile phone (1=YES, 0=NO)",
26,loan_applications,FLAG_EMP_PHONE,"Did client provide work phone (1=YES, 0=NO)",
27,loan_applications,FLAG_WORK_PHONE,"Did client provide home phone (1=YES, 0=NO)",
28,loan_applications,FLAG_CONT_MOBILE,"Was mobile phone reachable (1=YES, 0=NO)",
29,loan_applications,FLAG_PHONE,"Did client provide home phone (1=YES, 0=NO)",
30,loan_applications,FLAG_EMAIL,"Did client provide email (1=YES, 0=NO)",
31,loan_applications,OCCUPATION_TYPE,What kind of occupation does the client have,
32,loan_applications,CNT_FAM_MEMBERS,How many family members does client have,
33,loan_applications,REGION_RATING_CLIENT,"Our rating of the region where client lives (1,2,3)",
34,loan_applications,REGION_RATING_CLIENT_W_CITY,"Our rating of the region where client lives with taking city into account (1,2,3)",
35,loan_applications,WEEKDAY_APPR_PROCESS_START,On which day of the week did the client apply for the loan,
36,loan_applications,HOUR_APPR_PROCESS_START,Approximately at what hour did the client apply for the loan,rounded
37,loan_applications,REG_REGION_NOT_LIVE_REGION,"Flag if client's permanent address does not match contact address (1=different, 0=same, at region level)",
38,loan_applications,REG_REGION_NOT_WORK_REGION,"Flag if client's permanent address does not match work address (1=different, 0=same, at region level)",
39,loan_applications,LIVE_REGION_NOT_WORK_REGION,"Flag if client's contact address does not match work address (1=different, 0=same, at region level)",
40,loan_applications,REG_CITY_NOT_LIVE_CITY,"Flag if client's permanent address does not match contact address (1=different, 0=same, at city level)",
41,loan_applications,REG_CITY_NOT_WORK_CITY,"Flag if client's permanent address does not match work address (1=different, 0=same, at city level)",
42,loan_applications,LIVE_CITY_NOT_WORK_CITY,"Flag if client's contact address does not match work address (1=different, 0=same, at city level)",
43,loan_applications,ORGANIZATION_TYPE,Type of organization where client works,
44,loan_applications,EXT_SOURCE_1,Normalized score from external data source,normalized
45,loan_applications,EXT_SOURCE_2,Normalized score from external data source,normalized
46,loan_applications,EXT_SOURCE_3,Normalized score from external data source,normalized
47,loan_applications,APARTMENTS_AVG,"Normalized information about building where the client lives, What is average (_AVG suffix), modus (_MODE suffix), median (_MEDI suffix) apartment size, common area, living area, age of building, number of elevators, number of entrances, state of the building, number of floor",normalized
48,loan_applications,BASEMENTAREA_AVG,"Normalized information about building where the client lives, What is average (_AVG suffix), modus (_MODE suffix), median (_MEDI suffix) apartment size, common area, living area, age of building, number of elevators, number of entrances, state of the building, number of floor",normalized
49,loan_applications,YEARS_BEGINEXPLUATATION_AVG,"Normalized information about building where the client lives, What is average (_AVG suffix), modus (_MODE suffix), median (_MEDI suffix) apartment size, common area, living area, age of building, number of elevators, number of entrances, state of the building, number of floor",normalized
50,loan_applications,YEARS_BUILD_AVG,"Normalized information about building where the client lives, What is average (_AVG suffix), modus (_MODE suffix), median (_MEDI suffix) apartment size, common area, living area, age of building, number of elevators, number of entrances, state of the building, number of floor",normalized
51,loan_applications,COMMONAREA_AVG,"Normalized information about building where the client lives, What is average (_AVG suffix), modus (_MODE suffix), median (_MEDI suffix) apartment size, common area, living area, age of building, number of elevators, number of entrances, state of the building, number of floor",normalized
52,loan_applications,ELEVATORS_AVG,"Normalized information about building where the client lives, What is average (_AVG suffix), modus (_MODE suffix), median (_MEDI suffix) apartment size, common area, living area, age of building, number of elevators, number of entrances, state of the building, number of floor",normalized
53,loan_applications,ENTRANCES_AVG,"Normalized information about building where the client lives, What is average (_AVG suffix), modus (_MODE suffix), median (_MEDI suffix) apartment size, common area, living area, age of building, number of elevators, number of entrances, state of the building, number of floor",normalized
54,loan_applications,FLOORSMAX_AVG,"Normalized information about building where the client lives, What is average (_AVG suffix), modus (_MODE suffix), median (_MEDI suffix) apartment size, common area, living area, age of building, number of elevators, number of entrances, state of the building, number of floor",normalized
55,loan_applications,FLOORSMIN_AVG,"Normalized information about building where the client lives, What is average (_AVG suffix), modus (_MODE suffix), median (_MEDI suffix) apartment size, common area, living area, age of building, number of elevators, number of entrances, state of the building, number of floor",normalized
56,loan_applications,LANDAREA_AVG,"Normalized information about building where the client lives, What is average (_AVG suffix), modus (_MODE suffix), median (_MEDI suffix) apartment size, common area, living area, age of building, number of elevators, number of entrances, state of the building, number of floor",normalized
57,loan_applications,LIVINGAPARTMENTS_AVG,"Normalized information about building where the client lives, What is average (_AVG suffix), modus (_MODE suffix), median (_MEDI suffix) apartment size, common area, living area, age of building, number of elevators, number of entrances, state of the building, number of floor",normalized
58,loan_applications,LIVINGAREA_AVG,"Normalized information about building where the client lives, What is average (_AVG suffix), modus (_MODE suffix), median (_MEDI suffix) apartment size, common area, living area, age of building, number of elevators, number of entrances, state of the building, number of floor",normalized
59,loan_applications,NONLIVINGAPARTMENTS_AVG,"Normalized information about building where the client lives, What is average (_AVG suffix), modus (_MODE suffix), median (_MEDI suffix) apartment size, common area, living area, age of building, number of elevators, number of entrances, state of the building, number of floor",normalized
60,loan_applications,NONLIVINGAREA_AVG,"Normalized information about building where the client lives, What is average (_AVG suffix), modus (_MODE suffix), median (_MEDI suffix) apartment size, common area, living area, age of building, number of elevators, number of entrances, state of the building, number of floor",normalized
61,loan_applications,APARTMENTS_MODE,"Normalized information about building where the client lives, What is average (_AVG suffix), modus (_MODE suffix), median (_MEDI suffix) apartment size, common area, living area, age of building, number of elevators, number of entrances, state of the building, number of floor",normalized
62,loan_applications,BASEMENTAREA_MODE,"Normalized information about building where the client lives, What is average (_AVG suffix), modus (_MODE suffix), median (_MEDI suffix) apartment size, common area, living area, age of building, number of elevators, number of entrances, state of the building, number of floor",normalized
63,loan_applications,YEARS_BEGINEXPLUATATION_MODE,"Normalized information about building where the client lives, What is average (_AVG suffix), modus (_MODE suffix), median (_MEDI suffix) apartment size, common area, living area, age of building, number of elevators, number of entrances, state of the building, number of floor",normalized
64,loan_applications,YEARS_BUILD_MODE,"Normalized information about building where the client lives, What is average (_AVG suffix), modus (_MODE suffix), median (_MEDI suffix) apartment size, common area, living area, age of building, number of elevators, number of entrances, state of the building, number of floor",normalized
65,loan_applications,COMMONAREA_MODE,"Normalized information about building where the client lives, What is average (_AVG suffix), modus (_MODE suffix), median (_MEDI suffix) apartment size, common area, living area, age of building, number of elevators, number of entrances, state of the building, number of floor",normalized
66,loan_applications,ELEVATORS_MODE,"Normalized information about building where the client lives, What is average (_AVG suffix), modus (_MODE suffix), median (_MEDI suffix) apartment size, common area, living area, age of building, number of elevators, number of entrances, state of the building, number of floor",normalized
67,loan_applications,ENTRANCES_MODE,"Normalized information about building where the client lives, What is average (_AVG suffix), modus (_MODE suffix), median (_MEDI suffix) apartment size, common area, living area, age of building, number of elevators, number of entrances, state of the building, number of floor",normalized
68,loan_applications,FLOORSMAX_MODE,"Normalized information about building where the client lives, What is average (_AVG suffix), modus (_MODE suffix), median (_MEDI suffix) apartment size, common area, living area, age of building, number of elevators, number of entrances, state of the building, number of floor",normalized
69,loan_applications,FLOORSMIN_MODE,"Normalized information about building where the client lives, What is average (_AVG suffix), modus (_MODE suffix), median (_MEDI suffix) apartment size, common area, living area, age of building, number of elevators, number of entrances, state of the building, number of floor",normalized
70,loan_applications,LANDAREA_MODE,"Normalized information about building where the client lives, What is average (_AVG suffix), modus (_MODE suffix), median (_MEDI suffix) apartment size, common area, living area, age of building, number of elevators, number of entrances, state of the building, number of floor",normalized
71,loan_applications,LIVINGAPARTMENTS_MODE,"Normalized information about building where the client lives, What is average (_AVG suffix), modus (_MODE suffix), median (_MEDI suffix) apartment size, common area, living area, age of building, number of elevators, number of entrances, state of the building, number of floor",normalized
72,loan_applications,LIVINGAREA_MODE,"Normalized information about building where the client lives, What is average (_AVG suffix), modus (_MODE suffix), median (_MEDI suffix) apartment size, common area, living area, age of building, number of elevators, number of entrances, state of the building, number of floor",normalized
73,loan_applications,NONLIVINGAPARTMENTS_MODE,"Normalized information about building where the client lives, What is average (_AVG suffix), modus (_MODE suffix), median (_MEDI suffix) apartment size, common area, living area, age of building, number of elevators, number of entrances, state of the building, number of floor",normalized
74,loan_applications,NONLIVINGAREA_MODE,"Normalized information about building where the client lives, What is average (_AVG suffix), modus (_MODE suffix), median (_MEDI suffix) apartment size, common area, living area, age of building, number of elevators, number of entrances, state of the building, number of floor",normalized
75,loan_applications,APARTMENTS_MEDI,"Normalized information about building where the client lives, What is average (_AVG suffix), modus (_MODE suffix), median (_MEDI suffix) apartment size, common area, living area, age of building, number of elevators, number of entrances, state of the building, number of floor",normalized
76,loan_applications,BASEMENTAREA_MEDI,"Normalized information about building where the client lives, What is average (_AVG suffix), modus (_MODE suffix), median (_MEDI suffix) apartment size, common area, living area, age of building, number of elevators, number of entrances, state of the building, number of floor",normalized
77,loan_applications,YEARS_BEGINEXPLUATATION_MEDI,"Normalized information about building where the client lives, What is average (_AVG suffix), modus (_MODE suffix), median (_MEDI suffix) apartment size, common area, living area, age of building, number of elevators, number of entrances, state of the building, number of floor",normalized
78,loan_applications,YEARS_BUILD_MEDI,"Normalized information about building where the client lives, What is average (_AVG suffix), modus (_MODE suffix), median (_MEDI suffix) apartment size, common area, living area, age of building, number of elevators, number of entrances, state of the building, number of floor",normalized
79,loan_applications,COMMONAREA_MEDI,"Normalized information about building where the client lives, What is average (_AVG suffix), modus (_MODE suffix), median (_MEDI suffix) apartment size, common area, living area, age of building, number of elevators, number of entrances, state of the building, number of floor",normalized
80,loan_applications,ELEVATORS_MEDI,"Normalized information about building where the client lives, What is average (_AVG suffix), modus (_MODE suffix), median (_MEDI suffix) apartment size, common area, living area, age of building, number of elevators, number of entrances, state of the building, number of floor",normalized
81,loan_applications,ENTRANCES_MEDI,"Normalized information about building where the client lives, What is average (_AVG suffix), modus (_MODE suffix), median (_MEDI suffix) apartment size, common area, living area, age of building, number of elevators, number of entrances, state of the building, number of floor",normalized
82,loan_applications,FLOORSMAX_MEDI,"Normalized information about building where the client lives, What is average (_AVG suffix), modus (_MODE suffix), median (_MEDI suffix) apartment size, common area, living area, age of building, number of elevators, number of entrances, state of the building, number of floor",normalized
83,loan_applications,FLOORSMIN_MEDI,"Normalized information about building where the client lives, What is average (_AVG suffix), modus (_MODE suffix), median (_MEDI suffix) apartment size, common area, living area, age of building, number of elevators, number of entrances, state of the building, number of floor",normalized
84,loan_applications,LANDAREA_MEDI,"Normalized information about building where the client lives, What is average (_AVG suffix), modus (_MODE suffix), median (_MEDI suffix) apartment size, common area, living area, age of building, number of elevators, number of entrances, state of the building, number of floor",normalized
85,loan_applications,LIVINGAPARTMENTS_MEDI,"Normalized information about building where the client lives, What is average (_AVG suffix), modus (_MODE suffix), median (_MEDI suffix) apartment size, common area, living area, age of building, number of elevators, number of entrances, state of the building, number of floor",normalized
86,loan_applications,LIVINGAREA_MEDI,"Normalized information about building where the client lives, What is average (_AVG suffix), modus (_MODE suffix), median (_MEDI suffix) apartment size, common area, living area, age of building, number of elevators, number of entrances, state of the building, number of floor",normalized
87,loan_applications,NONLIVINGAPARTMENTS_MEDI,"Normalized information about building where the client lives, What is average (_AVG suffix), modus (_MODE suffix), median (_MEDI suffix) apartment size, common area, living area, age of building, number of elevators, number of entrances, state of the building, number of floor",normalized
88,loan_applications,NONLIVINGAREA_MEDI,"Normalized information about building where the client lives, What is average (_AVG suffix), modus (_MODE suffix), median (_MEDI suffix) apartment size, common area, living area, age of building, number of elevators, number of entrances, state of the building, number of floor",normalized
89,loan_applications,FONDKAPREMONT_MODE,"Normalized information about building where the client lives, What is average (_AVG suffix), modus (_MODE suffix), median (_MEDI suffix) apartment size, common area, living area, age of building, number of elevators, number of entrances, state of the building, number of floor",normalized
90,loan_applications,HOUSETYPE_MODE,"Normalized information about building where the client lives, What is average (_AVG suffix), modus (_MODE suffix), median (_MEDI suffix) apartment size, common area, living area, age of building, number of elevators, number of entrances, state of the building, number of floor",normalized
91,loan_applications,TOTALAREA_MODE,"Normalized information about building where the client lives, What is average (_AVG suffix), modus (_MODE suffix), median (_MEDI suffix) apartment size, common area, living area, age of building, number of elevators, number of entrances, state of the building, number of floor",normalized
92,loan_applications,WALLSMATERIAL_MODE,"Normalized information about building where the client lives, What is average (_AVG suffix), modus (_MODE suffix), median (_MEDI suffix) apartment size, common area, living area, age of building, number of elevators, number of entrances, state of the building, number of floor",normalized
93,loan_applications,EMERGENCYSTATE_MODE,"Normalized information about building where the client lives, What is average (_AVG suffix), modus (_MODE suffix), median (_MEDI suffix) apartment size, common area, living area, age of building, number of elevators, number of entrances, state of the building, number of floor",normalized
94,loan_applications,OBS_30_CNT_SOCIAL_CIRCLE,How many observation of client's social surroundings with observable 30 DPD (days past due) default,
95,loan_applications,DEF_30_CNT_SOCIAL_CIRCLE,How many observation of client's social surroundings defaulted on 30 DPD (days past due) ,
96,loan_applications,OBS_60_CNT_SOCIAL_CIRCLE,How many observation of client's social surroundings with observable 60 DPD (days past due) default,
97,loan_applications,DEF_60_CNT_SOCIAL_CIRCLE,How many observation of client's social surroundings defaulted on 60 (days past due) DPD,
98,loan_applications,DAYS_LAST_PHONE_CHANGE,How many days before application did client change phone,
99,loan_applications,FLAG_DOCUMENT_2,Did client provide document 2,
100,loan_applications,FLAG_DOCUMENT_3,Did client provide document 3,
101,loan_applications,FLAG_DOCUMENT_4,Did client provide document 4,
102,loan_applications,FLAG_DOCUMENT_5,Did client provide document 5,
103,loan_applications,FLAG_DOCUMENT_6,Did client provide document 6,
104,loan_applications,FLAG_DOCUMENT_7,Did client provide document 7,
105,loan_applications,FLAG_DOCUMENT_8,Did client provide document 8,
106,loan_applications,FLAG_DOCUMENT_9,Did client provide document 9,
107,loan_applications,FLAG_DOCUMENT_10,Did client provide document 10,
108,loan_applications,FLAG_DOCUMENT_11,Did client provide document 11,
109,loan_applications,FLAG_DOCUMENT_12,Did client provide document 12,
110,loan_applications,FLAG_DOCUMENT_13,Did client provide document 13,
111,loan_applications,FLAG_DOCUMENT_14,Did client provide document 14,
112,loan_applications,FLAG_DOCUMENT_15,Did client provide document 15,
113,loan_applications,FLAG_DOCUMENT_16,Did client provide document 16,
114,loan_applications,FLAG_DOCUMENT_17,Did client provide document 17,
115,loan_applications,FLAG_DOCUMENT_18,Did client provide document 18,
116,loan_applications,FLAG_DOCUMENT_19,Did client provide document 19,
117,loan_applications,FLAG_DOCUMENT_20,Did client provide document 20,
118,loan_applications,FLAG_DOCUMENT_21,Did client provide document 21,
119,loan_applications,AMT_REQ_CREDIT_BUREAU_HOUR,Number of enquiries to Credit Bureau about the client one hour before application,
120,loan_applications,AMT_REQ_CREDIT_BUREAU_DAY,Number of enquiries to Credit Bureau about the client one day before application (excluding one hour before application),
121,loan_applications,AMT_REQ_CREDIT_BUREAU_WEEK,Number of enquiries to Credit Bureau about the client one week before application (excluding one day before application),
122,loan_applications,AMT_REQ_CREDIT_BUREAU_MON,Number of enquiries to Credit Bureau about the client one month before application (excluding one week before application),
123,loan_applications,AMT_REQ_CREDIT_BUREAU_QRT,Number of enquiries to Credit Bureau about the client 3 month before application (excluding one month before application),
124,loan_applications,AMT_REQ_CREDIT_BUREAU_YEAR,Number of enquiries to Credit Bureau about the client one day year (excluding last 3 months before application),
